id,name,model_id:id,group_id:id,perm_read,perm_write,perm_create,perm_unlink
access_homepage_categories,access_homepage_categories,model_homepage_categories,,1,0,0,0
access_homepage_slider,access_homepage_slider,model_homepage_slider,,1,0,0,0
access_homepage_horizontal_banner,access_homepage_horizontal_banner,model_homepage_horizontal_banner,,1,0,0,0
access_customer_testimonial,access_customer_testimonial,model_customer_testimonial,,1,0,0,0
access_bestseller_product,access_bestseller_product,model_bestseller_product,,1,0,0,0
access_featured_product,access_featured_product,model_featured_product,,1,0,0,0
access_latest_product,access_latest_product,model_latest_product,,1,0,0,0